Date,Title,Url
"Dec 24, 2018",What happens when Alexa gets too smart or too human?,https://www.japantimes.co.jp/news/2018/12/24/business/tech/kill-foster-parents-amazons-alexa-talks-murder-sex-ai-chatbot-experiment/
"Dec 24, 2018",Huawei gear pulled from $3 billion U.K. police phone network,https://www.japantimes.co.jp/news/2018/12/24/business/tech/huawei-gear-pulled-3-billion-u-k-police-phone-network/
"Dec 18, 2018","Lovot, Japan's new touchy-feely family robot, aims to spread a little love",https://www.japantimes.co.jp/news/2018/12/18/business/tech/lovot-japans-new-family-robot-eye-detail-hopes-spread-love/
"Dec 17, 2018",Seven-Eleven tries out a store in Tokyo with unmanned payment system,https://www.japantimes.co.jp/news/2018/12/17/business/tech/seven-eleven-tries-store-tokyo-unmanned-payment-system/
"Dec 17, 2018",Japanese electronics firms look to re-engineer their design mojo,https://www.japantimes.co.jp/news/2018/12/17/business/tech/japanese-electronics-firms-look-re-engineer-design-mojo/
"Dec 17, 2018","After delays, U.S. Air Force set to launch jamming-resistant first next-generation GPS satellite",https://www.japantimes.co.jp/news/2018/12/17/business/tech/delays-u-s-air-force-set-launch-jamming-resistant-first-next-generation-gps-satellite/
"Dec 16, 2018",5G: A costly revolution not without risks,https://www.japantimes.co.jp/news/2018/12/16/business/tech/5g-costly-revolution-not-without-risks/
"Dec 15, 2018",Bug may have exposed photos from 7 million Facebook users,https://www.japantimes.co.jp/news/2018/12/15/business/tech/bug-may-exposed-photos-7-million-facebook-users/
"Dec 15, 2018",World's first test aimed at avoiding drone collisions held in Fukushima,https://www.japantimes.co.jp/news/2018/12/15/business/tech/worlds-first-test-aimed-avoiding-drone-collisions-held-fukushima/
"Dec 15, 2018",'Pokemon Go' maker Niantic is seeking a $3.9 billion valuation: source,https://www.japantimes.co.jp/news/2018/12/15/business/tech/pokemon-go-maker-niantic-seeking-3-9-billion-valuation-source/
"Dec 14, 2018","Virgin Galactic rocket ship reaches space in test flight, setting stage for tourists to boldly go",https://www.japantimes.co.jp/news/2018/12/14/business/tech/virgin-galactic-rocket-ship-reaches-space-test-flight-setting-stage-tourists-boldly-go/
"Dec 13, 2018","Inside Huawei's secret research HQ, China is shaping a future that's less reliant on U.S. tech",https://www.japantimes.co.jp/news/2018/12/13/business/tech/inside-huaweis-secret-research-hq-china-shaping-future-thats-less-reliant-u-s-tech/
"Dec 12, 2018",Tech execs get a preview of the coming U.S. House Democratic agenda as Google CEO testifies,https://www.japantimes.co.jp/news/2018/12/12/business/tech/tech-execs-get-preview-coming-u-s-house-democratic-agenda-google-ceo-testifies/
"Dec 12, 2018",A nose for speed: East Japan Railway unveils test version of 360 kph ALFA-X bullet train with dueling noses,https://www.japantimes.co.jp/news/2018/12/12/business/tech/east-japan-railway-unveils-new-360-kph-alfa-x-bullet-train/
"Dec 11, 2018",Mistrust of Huawei around the world imperils China's ambitions to lead tech revolution,https://www.japantimes.co.jp/news/2018/12/11/business/tech/mistrust-huawei-around-world-imperils-chinas-ambitions-lead-tech-revolution/
"Dec 11, 2018",Lawson tests fried chicken-dispensing robot in Tokyo,https://www.japantimes.co.jp/news/2018/12/11/business/tech/lawson-tests-fried-chicken-dispensing-robot-tokyo/
"Dec 7, 2018",Ericsson boss apologizes for 'faulty software' behind huge SoftBank service disruption,https://www.japantimes.co.jp/news/2018/12/07/business/tech/ericsson-boss-apologizes-faulty-software-behind-huge-softbank-service-disruption/
"Dec 7, 2018",Japan to exclude Huawei and ZTE from public procurement: source,https://www.japantimes.co.jp/news/2018/12/07/business/tech/japan-exclude-huawei-zte-public-procurement-source/
"Dec 7, 2018",The answer is blowing in the wind: Shipping firms eye high-tech sails in bid to go green,https://www.japantimes.co.jp/news/2018/12/07/business/tech/answer-blowing-wind-shipping-firms-eye-high-tech-sails-bid-go-green/
"Dec 6, 2018","Google's self-driving spinoff launches ride-hailing service, with human aboard for now",https://www.japantimes.co.jp/news/2018/12/06/business/tech/googles-self-driving-spinoff-launches-ride-hailing-service-now-human-aboard/
"Dec 6, 2018",Russian tech giant Yandex unveils first smartphone to defend position against Google,https://www.japantimes.co.jp/news/2018/12/06/business/tech/russian-tech-giant-yandex-unveils-first-smartphone-defend-position-google/
"Dec 6, 2018",Britain's BT pulls plug on Huawei in core 4G cellular network amid security concerns,https://www.japantimes.co.jp/news/2018/12/06/business/tech/britains-bt-pulls-plug-huawei-core-4g-cellular-network-amid-security-concerns/
"Dec 5, 2018",Toyota launches sensor-based device designed to prevent accidents caused by the misapplication of pedals,https://www.japantimes.co.jp/news/2018/12/05/business/tech/toyota-launches-sensor-based-device-designed-prevent-accidents-caused-misapplication-pedals/
"Dec 4, 2018",Japan Display unveils smart bus stop that runs on solar power and can display schedules,https://www.japantimes.co.jp/news/2018/12/04/business/tech/japan-display-unveils-smart-bus-stop-runs-solar-power-can-display-schedules/
"Dec 4, 2018",Aibo put to work at Tokyo hospital to improve the mental health of children,https://www.japantimes.co.jp/news/2018/12/04/business/tech/aibo-put-work-tokyo-hospital-improve-mental-health-children/
"Dec 4, 2018",Spy boss says U.K. must decide if Huawei is suitable for 5G network,https://www.japantimes.co.jp/news/2018/12/04/business/tech/spy-boss-says-u-k-must-decide-huawei-suitable-5g-network/
"Dec 3, 2018",Turning the page on an era: Pager services to end in Japan after 50 years,https://www.japantimes.co.jp/news/2018/12/03/business/tech/pager-services-end-japan-50-years/
"Nov 30, 2018",Hitachi and Uber take part in huge London trial aiming to crack electric-car charger shortfall,https://www.japantimes.co.jp/news/2018/11/30/business/tech/uber-hitachi-among-players-huge-london-trial-aiming-crack-electric-car-charger-shortfall/
"Nov 28, 2018",China's opening of human gene engineering 'Pandora's box' seen as symptom of unbridled tech quest,https://www.japantimes.co.jp/news/2018/11/28/business/tech/chinas-opening-human-gene-engineering-pandoras-box-seen-symptom-unbridled-tech-quest/
"Nov 22, 2018",Amazon says customer email addresses were exposed in glitch but declines to disclose extent of breach,https://www.japantimes.co.jp/news/2018/11/22/business/tech/amazon-says-customer-email-addresses-exposed-glitch-declines-disclose-extent-breach/
"Nov 19, 2018",Apple CEO: Cambridge Analytica debacle proves tech industry is 'beyond' scope of self-regulation,https://www.japantimes.co.jp/news/2018/11/19/business/tech/apple-ceo-cambridge-analytica-debacle-proves-tech-industry-beyond-scope-self-regulation/
"Nov 17, 2018",Japan aims to launch flying car prototypes in 2019: draft road map,https://www.japantimes.co.jp/news/2018/11/17/business/tech/japan-aims-create-prototype-flying-cars-conduct-test-flights-2019-draft-road-map/
"Nov 16, 2018",Nintendo hopes new 'Pokemon' titles will lead to surge in sales for its Switch console ahead of holidays,https://www.japantimes.co.jp/news/2018/11/16/business/tech/nintendo-hopes-new-pokemon-titles-will-lead-surge-sales-switch-console-ahead-holidays/
"Nov 15, 2018",KDDI to start using drones to search for missing hikers on Mount Fuji,https://www.japantimes.co.jp/news/2018/11/15/business/tech/kddi-start-using-drones-search-missing-hikers-mount-fuji/
"Nov 15, 2018",FCC launches first U.S. high-band 5G spectrum auction,https://www.japantimes.co.jp/news/2018/11/15/business/tech/fcc-launches-first-u-s-high-band-5g-spectrum-auction/
"Nov 14, 2018","Fearing 'back doors' for Beijing, some German officials push to exclude Chinese firms from building 5G infrastructure",https://www.japantimes.co.jp/news/2018/11/14/business/tech/fearing-back-doors-beijing-german-officials-push-exclude-chinese-firms-building-5g-infrastructure/
"Nov 13, 2018",U.S. pilot unions say Boeing didn't clearly warn of 737 feature tied to Indonesia crash,https://www.japantimes.co.jp/news/2018/11/13/business/tech/u-s-pilot-unions-say-boeing-didnt-clearly-warn-737-feature-tied-indonesia-crash/
"Nov 10, 2018",China unveils 'world first' AI news anchors,https://www.japantimes.co.jp/news/2018/11/10/business/tech/mechanical-delivery-chinese-state-run-media-unveils-ai-news-anchors/
"Nov 8, 2018",Samsung previews smartphone with screen that folds like a book,https://www.japantimes.co.jp/news/2018/11/08/business/tech/samsung-previews-smartphone-screen-folds-like-book/
"Nov 8, 2018",Signpost's cashierless kiosk in Tokyo signals a real challenge to Amazon in 'smart store' sector,https://www.japantimes.co.jp/news/2018/11/08/business/tech/signposts-cashierless-kiosk-tokyo-signals-real-challenge-amazon-smart-store-sector/
"Nov 7, 2018",Senegal launches African cybersecurity school,https://www.japantimes.co.jp/news/2018/11/07/business/tech/senegal-launches-african-cybersecurity-school/
"Nov 6, 2018",Worldwide web inventor wants new 'contract' to make system safe amid 'fake news' backlash,https://www.japantimes.co.jp/news/2018/11/06/business/tech/worldwide-web-inventor-wants-new-contract-make-system-safe-amid-fake-news-backlash/
"Nov 3, 2018","Twitter deletes over 10,000 accounts that sought to discourage U.S. voting",https://www.japantimes.co.jp/news/2018/11/03/business/tech/twitter-deletes-10000-accounts-sought-discourage-u-s-voting/
"Nov 2, 2018",Japanese advertising giant Dentsu and U.S. venture capital firm tie up to boost sports technology sector,https://www.japantimes.co.jp/news/2018/11/02/business/tech/japanese-advertising-giant-dentsu-u-s-venture-capital-firm-tie-boost-sports-technology-sector/
"Nov 1, 2018",World's top consumer drone maker scores U.S. wins despite security concerns as China trade war takes toll,https://www.japantimes.co.jp/news/2018/11/01/business/tech/worlds-top-consumer-drone-maker-scores-u-s-wins-despite-security-concerns-china-trade-war-takes-toll/
"Nov 1, 2018",Players affected as online game 'Final Fantasy XIV' hit by 'unprecedented' cyberattacks,https://www.japantimes.co.jp/news/2018/11/01/business/tech/players-affected-online-game-final-fantasy-xiv-hit-unprecedented-cyberattacks/
"Nov 1, 2018",Startup bets it can end Japan's love affair with cash payments,https://www.japantimes.co.jp/news/2018/11/01/business/tech/startup-bets-can-end-japans-love-affair-cash-payments/
"Nov 1, 2018","As high-rise farms go global, Japan's Spread leads the way",https://www.japantimes.co.jp/news/2018/11/01/business/tech/high-rise-farms-go-global-japans-spread-leads-way/
"Oct 30, 2018",Japanese government mulling unified QR codes for transport fares,https://www.japantimes.co.jp/news/2018/10/30/business/tech/japanese-government-mulling-unified-qr-codes-transport-fares/
"Oct 28, 2018",Battery boom: The future of cars rests with firms that predate the Model T,https://www.japantimes.co.jp/news/2018/10/28/business/tech/battery-boom-future-cars-rests-firms-predate-model-t/
"Oct 27, 2018",Microsoft to keep working with military despite ethics concerns,https://www.japantimes.co.jp/news/2018/10/27/business/tech/microsoft-keep-working-military-despite-ethics-concerns/
"Oct 27, 2018","Facebook removes Iranian fake accounts that lured a million followers in U.S., U.K.",https://www.japantimes.co.jp/news/2018/10/27/business/tech/facebook-removes-iranian-fake-accounts-lured-million-followers-u-s-u-k/
"Oct 27, 2018",Japan Post to begin test deliveries using drones in Fukushima next month,https://www.japantimes.co.jp/news/2018/10/27/business/tech/japan-post-begin-test-deliveries-using-drones-fukushima-next-month/
"Oct 26, 2018",Google reveals 48 employees fired for sexual harassment,https://www.japantimes.co.jp/news/2018/10/26/business/tech/google-reveals-48-employees-fired-sexual-harassment/
"Oct 26, 2018",Water out of thin air: California couple's device wins $1.5 million XPrize,https://www.japantimes.co.jp/news/2018/10/26/business/tech/water-thin-air-california-couples-device-wins-1-5-million/
"Oct 26, 2018","AI art: Algorithm-generated portrait fetches $432,500 at NY auction: Christie's",https://www.japantimes.co.jp/news/2018/10/26/business/tech/ai-art-algorithm-generated-portrait-fetches-432500-ny-auction-christies/
"Oct 24, 2018",Tokyo researchersâ€™ Paper Digest makes academic jargon a cinch,https://www.japantimes.co.jp/news/2018/10/24/business/tech/tokyo-researchers-paper-digest-makes-academia-jargon-cinch/
"Oct 24, 2018","Amazon pitched facial recognition to ICE to monitor immigrants amid misgivings of workers, rights groups",https://www.japantimes.co.jp/news/2018/10/24/business/tech/amazon-pitched-facial-recognition-ice-monitor-immigrants-amid-misgivings-workers-rights-groups/
"Oct 20, 2018",Khashoggi crisis puts Saudi ties to Silicon Valley businesses under spotlight,https://www.japantimes.co.jp/news/2018/10/20/business/tech/khashoggi-crisis-puts-saudi-ties-silicon-valley-businesses-spotlight/
"Oct 19, 2018","Postman, shopper, builder: In Japan, there's a robot for that",https://www.japantimes.co.jp/news/2018/10/19/business/tech/postman-shopper-builder-japan-theres-robot/
"Oct 18, 2018","Spammers were behind recent Facebook data breach, company tentatively concludes",https://www.japantimes.co.jp/news/2018/10/18/business/tech/spammers-behind-recent-facebook-data-breach-company-tentatively-concludes/
"Oct 18, 2018","Boeing creates unit to focus on super-computing that mimics the brain, hack-proof communications",https://www.japantimes.co.jp/news/2018/10/18/business/tech/boeing-creates-unit-focus-super-computing-mimics-brain-hack-proof-communications/
"Oct 17, 2018",NTT Docomo to launch world's 'thinnest and lightest' phone in November,https://www.japantimes.co.jp/news/2018/10/17/business/tech/ntt-docomo-launch-worlds-thinnest-lightest-phone-november/
"Oct 16, 2018","Firms offer a glimpse of future business models at CEATEC, Japan's biggest electronics trade show",https://www.japantimes.co.jp/news/2018/10/16/business/tech/firms-offer-glimpse-future-business-models-ceatec-japans-biggest-electronics-trade-show/
"Oct 15, 2018",Toyota and Line to offer voice-controlled AI navigation next summer,https://www.japantimes.co.jp/news/2018/10/15/business/tech/toyota-line-offer-voice-controlled-ai-navigation-next-summer/
"Oct 13, 2018",Facebook says 'view as' data breach affected 29 million users; Japan launches probe,https://www.japantimes.co.jp/news/2018/10/13/business/tech/facebook-says-view-data-breach-affected-29-million-users-japan-launches-probe/
"Oct 12, 2018",U.S. tightens controls on China imports of civil nuclear tech to prevent military use,https://www.japantimes.co.jp/news/2018/10/12/business/tech/u-s-tightens-controls-china-imports-civil-nuclear-tech-prevent-military-use/
"Oct 11, 2018",Amazon scraps secret AI recruiting tool that showed bias against women: sources,https://www.japantimes.co.jp/news/2018/10/11/business/tech/amazon-scraps-secret-ai-recruiting-tool-showed-bias-women-sources/
"Oct 10, 2018","Google's Pixel 3 smartphone, complete with AI-powered camera, to debut in Japan in November",https://www.japantimes.co.jp/news/2018/10/10/business/tech/googles-pixel-3-smartphone-complete-ai-powered-camera-debut-japan-november/
"Oct 10, 2018","Instagram ramps up battle against cyberbullying, taps AI",https://www.japantimes.co.jp/news/2018/10/10/business/tech/instagram-ramps-battle-cyberbullying-taps-ai/
"Oct 5, 2018",Quantum computer-maker D-Wave to make its powerful machines and software development tools available for free online,https://www.japantimes.co.jp/news/2018/10/05/business/tech/quantum-computer-maker-d-wave-make-powerful-machines-software-development-tools-available-free-online/
"Oct 5, 2018","Apple and Amazon deny Bloomberg report on Chinese hardware attack, chip infiltration",https://www.japantimes.co.jp/news/2018/10/05/business/tech/apple-amazon-deny-bloomberg-report-chinese-hardware-attack-chip-infiltration/
"Oct 4, 2018",Panasonic helps workers create their own head space with new crowdfunded device,https://www.japantimes.co.jp/news/2018/10/04/business/tech/panasonic-helps-workers-create-personal-space-new-crowdfunded-wearable-device/
"Oct 4, 2018",First Nintendo mobile game to feature new cast of characters off to weak start,https://www.japantimes.co.jp/news/2018/10/04/business/tech/first-nintendo-mobile-game-feature-new-cast-characters-off-weak-start/
"Oct 4, 2018",Honda teams with GM's Cruise start-up to develop autonomous vehicles,https://www.japantimes.co.jp/news/2018/10/04/business/tech/honda-teams-gms-cruise-start-develop-autonomous-vehicles/
"Oct 4, 2018","Jeff Bezos' space company designing large, reusable lunar lander",https://www.japantimes.co.jp/news/2018/10/04/business/tech/jeff-bezos-space-company-designing-large-reusable-lunar-lander/
"Sep 29, 2018",Facebook says 50 million user accounts affected by security breach,https://www.japantimes.co.jp/news/2018/09/29/business/tech/facebook-says-50-million-user-accounts-affected-security-breach/
"Sep 28, 2018",Facebook admits phone numbers used to target ads,https://www.japantimes.co.jp/news/2018/09/28/business/tech/facebook-admits-phone-numbers-used-target-ads/
"Sep 25, 2018",Google tunes search for prescience and pictures,https://www.japantimes.co.jp/news/2018/09/25/business/tech/google-tunes-search-prescience-pictures/
"Sep 22, 2018","After years of resistance, Toyota to add Android Auto software to vehicles",https://www.japantimes.co.jp/news/2018/09/22/business/tech/years-resistance-toyota-agrees-add-android-auto-system-cars/
"Sep 22, 2018",White House order would crack down on Google and Facebook's business practices,https://www.japantimes.co.jp/news/2018/09/22/business/tech/white-house-draft-order-signed-will-crack-google-facebooks-business-practices/
"Sep 21, 2018",Amazon sets December launch date in Japan for Echo Show display-speaker hybrid,https://www.japantimes.co.jp/news/2018/09/21/business/tech/amazon-sets-december-launch-date-japan-echo-show-display-speaker-hybrid/
"Sep 21, 2018",Long lines form as pricey new iPhones make debut in Japan,https://www.japantimes.co.jp/news/2018/09/21/business/tech/long-lines-form-pricey-new-iphones-make-debut-japan/
"Sep 19, 2018",Sony to release miniature version of original PlayStation in December,https://www.japantimes.co.jp/news/2018/09/19/business/tech/sony-release-miniature-version-original-playstation-december/
"Sep 15, 2018","Samsung to unveil new Galaxy device in October, teases '4x fun'",https://www.japantimes.co.jp/news/2018/09/15/business/tech/samsung-unveil-new-galaxy-device-october-teases-4x-fun/
"Sep 15, 2018","New tools in Safari and Firefox browsers aim to thwart tracking by Facebook, Google and others",https://www.japantimes.co.jp/news/2018/09/15/business/tech/new-tools-safari-firefox-browsers-aim-thwart-tracking-facebook-google-others/
"Sep 14, 2018","Despite government push of AI and robots, Japanese fear tech to lead to inequality and job losses: survey",https://www.japantimes.co.jp/news/2018/09/14/business/tech/despite-government-push-ai-robots-japanese-fear-tech-lead-inequality-job-losses-survey/
"Sep 14, 2018",Amazon's Jeff Bezos unveils $2 billion philanthropic fund,https://www.japantimes.co.jp/news/2018/09/14/business/tech/amazons-jeff-bezos-unveils-2-billion-philanthropic-fund/
"Sep 14, 2018",Uber revs up Canadian operations with new AI funding for Toronto self-driving car lab,https://www.japantimes.co.jp/news/2018/09/14/business/tech/uber-revs-canadian-operations-new-ai-funding-toronto-self-driving-car-lab/
"Sep 14, 2018",U.S. pair's airstrike warning app helps Syrians dodge death from the skies,https://www.japantimes.co.jp/news/2018/09/14/business/tech/u-s-pairs-airstrike-warning-app-helps-syrians-dodge-death-skies/
"Sep 13, 2018","Apple unveils bigger, pricier iPhones and heart-recording watch as smartphone sales cool",https://www.japantimes.co.jp/news/2018/09/13/business/tech/apple-iphones-get-bigger-pricier-watch-monitors-heart-health/
"Sep 13, 2018",European Parliament backs copyright reform in blow to global tech firms,https://www.japantimes.co.jp/news/2018/09/13/business/tech/european-parliament-backs-copyright-reform-blow-global-tech-firms/
"Sep 13, 2018","Social media, others should have one hour to remove terror propaganda: EU",https://www.japantimes.co.jp/news/2018/09/13/business/tech/social-media-others-one-hour-remove-terror-propaganda-eu/
"Sep 8, 2018","Alibaba's Jack Ma, an English teacher turned internet tycoon, to transition to philanthropy",https://www.japantimes.co.jp/news/2018/09/08/business/tech/alibabas-jack-ma-english-teacher-turned-internet-tycoon-transition-philanthropy/
"Sep 7, 2018",'Engineer-friendly' Fukuoka pitches merits in campaign to become tech hub,https://www.japantimes.co.jp/news/2018/09/07/business/tech/engineer-friendly-fukuoka-pitches-merits-ambitious-campaign-become-startup-hub/
"Sep 7, 2018","In WeChat-dominated China, new app Bullet Messenger scores sudden success",https://www.japantimes.co.jp/news/2018/09/07/business/tech/wechat-dominated-china-new-app-bullet-messenger-scores-sudden-success/
"Sep 6, 2018",Canon joins Sony and Nikon in battle for pro-grade mirrorless camera market,https://www.japantimes.co.jp/news/2018/09/06/business/tech/canon-joins-sony-nikon-battle-pro-grade-photo-equipment-market/
"Sep 3, 2018",Facebook adds Alaska's Inupiaq as language option among community translation tools,https://www.japantimes.co.jp/news/2018/09/03/business/tech/facebook-adds-alaskas-inupiaq-language-option-among-community-translation-tools/
"Aug 31, 2018",Russia said failing in bid to tap more precise tech to block Telegram messenger services,https://www.japantimes.co.jp/news/2018/08/31/business/tech/russia-said-failing-bid-tap-precise-tech-block-telegram-messenger-services/
"Aug 30, 2018",Uber shortlists Japan as a candidate country to test flying taxis,https://www.japantimes.co.jp/news/2018/08/30/business/tech/uber-enlists-japan-among-5-candidate-countries-test-flying-taxis/
"Aug 29, 2018",Japanese government joins with private companies to develop flying cars,https://www.japantimes.co.jp/news/2018/08/29/business/tech/japanese-government-joins-private-companies-develop-flying-cars/
"Aug 29, 2018","Sucking carbon from air, Swiss firm wins new funds for costly climate fix",https://www.japantimes.co.jp/news/2018/08/29/business/tech/sucking-carbon-air-swiss-firm-wins-new-funds-costly-climate-fix/
"Aug 28, 2018","Apple to expand iPhone X design with new colors, big screens",https://www.japantimes.co.jp/news/2018/08/28/business/tech/apple-expand-iphone-x-design-new-colors-big-screens/
"Aug 28, 2018",Startup AutoX delivers groceries in self-driving cars in Silicon Valley,https://www.japantimes.co.jp/news/2018/08/28/business/tech/startup-autox-delivers-groceries-self-driving-cars-silicon-valley/
"Aug 27, 2018",Autonomous taxi trials carrying passengers begin in Tokyo,https://www.japantimes.co.jp/news/2018/08/27/business/tech/autonomous-taxi-trials-carrying-passengers-begin-tokyo/
"Aug 26, 2018",'Super Mario' creator says gaming industry should put steady subscriptions ahead of in-game charges,https://www.japantimes.co.jp/news/2018/08/26/business/tech/super-mario-creator-says-gaming-industry-put-steady-subscriptions-ahead-game-charges/
"Aug 24, 2018",Sony to launch revamped Aibo robot dog in U.S.,https://www.japantimes.co.jp/news/2018/08/24/business/tech/sony-launch-revamped-aibo-robot-dog-u-s/
"Aug 24, 2018",Europe's new GDPR data law upends global online advertising,https://www.japantimes.co.jp/news/2018/08/24/business/tech/europes-new-gdpr-data-law-upends-global-online-advertising/
"Aug 21, 2018","Paul Allen's space firm Stratolaunch details plans for rockets, cargo vehicle",https://www.japantimes.co.jp/news/2018/08/21/business/tech/paul-allens-space-firm-stratolaunch-details-plans-rockets-cargo-vehicle/
"Aug 20, 2018","U.S. seeks to wiretap Messenger, trying to force Facebook to help: sources",https://www.japantimes.co.jp/news/2018/08/20/business/tech/u-s-seeks-wiretap-messenger-trying-force-facebook-help-sources/
"Aug 18, 2018","U.S. government seeks Facebook help to wiretap Messenger, sources say",https://www.japantimes.co.jp/news/2018/08/18/business/tech/u-s-government-seeks-facebook-help-wiretap-messenger-sources-say/
"Aug 17, 2018",Google clarifies deceptive location-tracking policy after probe reveals apps record whereabouts even when 'Location History' off,https://www.japantimes.co.jp/news/2018/08/17/business/tech/probe-google-clarifies-erroneous-location-tracking-policy/
"Aug 17, 2018",'Hacky hack hack': Australian teen breaches Apple's secure network,https://www.japantimes.co.jp/news/2018/08/17/business/tech/hacky-hack-hack-australian-teen-breaches-apples-secure-network/
"Aug 15, 2018",Cubans cheer as free internet goes nationwide for a daylong test,https://www.japantimes.co.jp/news/2018/08/15/business/tech/cubans-cheer-free-internet-goes-nationwide-daylong-test/
"Aug 11, 2018","Tokyo tops list of most innovate cities thanks to 3D technology, robotics",https://www.japantimes.co.jp/news/2018/08/11/business/tech/high-tech-tokyo-tops-list-worlds-innovative-cities/
"Aug 10, 2018","Samsung's new $1,000 power-user phone reflects slowdown in hardware innovation",https://www.japantimes.co.jp/news/2018/08/10/business/tech/samsungs-new-1000-power-user-phone-reflects-slowdown-hardware-innovation/
"Aug 9, 2018",New kind of artificial intelligence program takes computer hacking to another level,https://www.japantimes.co.jp/news/2018/08/09/business/tech/new-kind-artificial-intelligence-program-takes-computer-hacking-another-level/
"Aug 8, 2018",A quantum computing startup tries to live up to the hype,https://www.japantimes.co.jp/news/2018/08/08/business/tech/quantum-computing-startup-tries-live-hype/
"Aug 5, 2018",Ding! Alibaba office app fuels backlash among some Chinese workers,https://www.japantimes.co.jp/news/2018/08/05/business/tech/ding-alibaba-office-app-fuels-backlash-among-chinese-workers/
"Aug 5, 2018",Are tech titans teetering atop the market?,https://www.japantimes.co.jp/news/2018/08/05/business/tech/tech-titans-teetering-atop-market/
"Aug 2, 2018",Congress passes bill forcing tech firms to disclose foreign access to software sold to U.S. military,https://www.japantimes.co.jp/news/2018/08/02/business/tech/congress-passes-bill-forcing-tech-firms-disclose-foreign-access-software-sold-u-s-military/
"Aug 2, 2018","Bowing to censorship, Google plans to launch search app in lucrative Chinese market, ending long boycott: sources",https://www.japantimes.co.jp/news/2018/08/02/business/tech/bowing-censorship-google-plans-launch-search-app-lucrative-chinese-market-ending-long-boycott-sources/
"Aug 1, 2018",Japan Display plans foray into consumer markets with smart motorcycle helmets and mirrors,https://www.japantimes.co.jp/news/2018/08/01/business/tech/japan-display-plans-foray-consumer-markets-smart-motorcycle-helmets-mirrors/
"Jul 31, 2018",19-year-old CEO creates app to bring Japan's voters and politicians together,https://www.japantimes.co.jp/news/2018/07/31/business/tech/19-year-old-ceo-creates-app-bring-japans-voters-politicians-together/
"Jul 31, 2018",Nokia to help with T-Mobile superfast 5G telecom network in $3.5 billion deal,https://www.japantimes.co.jp/news/2018/07/31/business/tech/nokia-help-t-mobile-superfast-5g-telecom-network-3-5-billion-deal/
"Jul 29, 2018",Art museums fight Facebook over nudity,https://www.japantimes.co.jp/news/2018/07/29/business/tech/rubens-vs-facebook-fight-artistic-nudity/
"Jul 29, 2018",Apple and Amazon lead the race toward $1 trillion market value,https://www.japantimes.co.jp/news/2018/07/29/business/tech/apple-amazon-lead-pack-1-trillion-market-value/
"Jul 28, 2018","YouTube plans original programming in Japan, India and other markets",https://www.japantimes.co.jp/news/2018/07/28/business/tech/youtube-plans-original-programming-japan-india-markets/
"Jul 19, 2018",Sony starts taking advance orders for new version of Aibo robot dog,https://www.japantimes.co.jp/news/2018/07/19/business/tech/sony-starts-taking-preorders-new-version-aibo-robot-dog/
"Jul 19, 2018","In fining Google, EU is fighting the past",https://www.japantimes.co.jp/news/2018/07/19/business/tech/fining-google-eu-fighting-past/
"Jul 19, 2018",Google shrugs off EU fine; damage to hinge on rivals' next moves,https://www.japantimes.co.jp/news/2018/07/19/business/tech/google-shrugs-off-eu-fine-damage-hinge-rivals-next-moves/
"Jul 19, 2018",Plane makers working on tech to cut cockpit crews to one but facing pilot pushback,https://www.japantimes.co.jp/news/2018/07/19/business/tech/plane-makers-working-tech-cut-cockpit-crews-one-facing-pilot-pushback/
"Jul 18, 2018","ZMP, Hinomaru Kotsu to test driverless taxis on Tokyo roads in August with eye to 2020 launch",https://www.japantimes.co.jp/news/2018/07/18/business/tech/autonomous-taxi-tests-start-tokyo-view-launch-service-2020/
"Jul 17, 2018",Communist-run Cuba starts rolling out internet on mobile phones,https://www.japantimes.co.jp/news/2018/07/17/business/tech/communist-run-cuba-starts-rolling-internet-mobile-phones/
"Jul 15, 2018",Fake news and the role of algorithms in today's world,https://www.japantimes.co.jp/news/2018/07/15/business/tech/fake-news-role-algorithms-todays-world/
"Jul 11, 2018",Britain to fine Facebook over data breach,https://www.japantimes.co.jp/news/2018/07/11/business/tech/britain-fine-facebook-data-breach/
"Jul 6, 2018",Tokyo blockchain conference looks to uses of technology beyond headline-grabbing cryptocurrencies,https://www.japantimes.co.jp/news/2018/07/06/business/tech/tokyo-blockchain-conference-looks-uses-technology-beyond-headline-grabbing-cryptocurrencies/
"Jul 6, 2018",Elon Musk's team talking with Thai officials on using tech for cave rescue,https://www.japantimes.co.jp/news/2018/07/06/business/tech/elon-musks-team-talking-thai-officials-using-tech-cave-rescue/
"Jul 5, 2018",New Tokyo research center aims to boost Japan's 'Fourth Industrial Revolution',https://www.japantimes.co.jp/news/2018/07/05/business/tech/new-tokyo-research-center-aims-boost-japans-fourth-industrial-revolution/
"Jul 5, 2018",China's push to end reliance on U.S. technology at center of nations' trade fight,https://www.japantimes.co.jp/news/2018/07/05/business/tech/chinas-push-end-reliance-u-s-technology-center-nations-trade-fight/
"Jul 4, 2018","Kangaroo-like transforming robot, created by Chiba university, keen to carry your groceries",https://www.japantimes.co.jp/news/2018/07/04/business/tech/kangaroo-like-transforming-robot-created-chiba-university-keen-carry-groceries/
"Jul 2, 2018",Japanese government to give flying cars a jump-start,https://www.japantimes.co.jp/news/2018/07/02/business/tech/japanese-government-give-flying-cars-jump-start/
"Jun 29, 2018",U.S. startups involved in 'critical' technologies at risk from Chinese influence,https://www.japantimes.co.jp/news/2018/06/29/business/tech/u-s-startups-involved-critical-technologies-risk-chinese-influence/
"Jun 27, 2018","Facebook, Google 'manipulate' users to share data despite EU law: study",https://www.japantimes.co.jp/news/2018/06/27/business/tech/facebook-google-manipulate-users-share-data-despite-eu-law-study/
"Jun 26, 2018",Vaio to be first in nation to screen VR movies in a theater,https://www.japantimes.co.jp/news/2018/06/26/business/tech/vaio-first-nation-screen-vr-movies-theater/
"Jun 22, 2018",Tech firms may have to filter user uploads under new EU rules,https://www.japantimes.co.jp/news/2018/06/22/business/tech/tech-firms-may-filter-user-uploads-new-eu-rules/
"Jun 20, 2018",Silicon Valley-style coding boot camp seeks to reset Japan Inc.,https://www.japantimes.co.jp/news/2018/06/20/business/tech/silicon-valley-style-coding-boot-camp-seeks-reset-japan-inc/
"Jun 19, 2018","Norway tests small electric plane, sees passenger flights by 2025 if shift to green tech grows",https://www.japantimes.co.jp/news/2018/06/19/business/tech/norway-tests-small-electric-plane-sees-passenger-flights-2025-shift-green-tech-grows/
"Jun 14, 2018",Apple steps up encryption to thwart unauthorized police cracking of iPhones,https://www.japantimes.co.jp/news/2018/06/14/business/tech/apple-steps-encryption-thwart-unauthorized-police-cracking-iphones/
"Jun 13, 2018",Cloud play on the horizon in changing video game world as companies tout new technologies at E3 expo,https://www.japantimes.co.jp/news/2018/06/13/business/tech/cloud-play-horizon-changing-video-game-world-companies-tout-new-technologies-e3-expo/
"Jun 11, 2018",Sharp to launch smart toilet for cats that can identify health problems,https://www.japantimes.co.jp/news/2018/06/11/business/tech/sharp-launch-smart-cat-toilet-can-identify-health-problems/
"Jun 8, 2018","Google bars uses of its artificial intelligence tech in weapons, unreasonable surveillance",https://www.japantimes.co.jp/news/2018/06/08/business/tech/google-bars-uses-artificial-intelligence-tech-weapons-unreasonable-surveillance/
"Jun 7, 2018","YouTube is partly liable for copyright breaches, Austrian court rules",https://www.japantimes.co.jp/news/2018/06/07/business/tech/youtube-partly-liable-copyright-breaches-austrian-court-rules/
"Jun 7, 2018",Flying-car startup backed by Google co-founder offers test flights,https://www.japantimes.co.jp/news/2018/06/07/business/tech/flying-car-startup-backed-google-founder-offers-test-flights/
"Jun 6, 2018","Facebook confirms it shared data with Chinese companies Huawei, Lenovo, OPPO and TCL",https://www.japantimes.co.jp/news/2018/06/06/business/tech/facebook-confirms-shared-data-chinese-companies-huawei-lenovo-oppo-tcl/
"Jun 5, 2018",Apple dangling more goodies while tackling technology addiction,https://www.japantimes.co.jp/news/2018/06/05/business/tech/apple-dangling-goodies-adding-tech-diet-options/
"Jun 4, 2018",Japan aims to launch self-driving vehicle services by 2020,https://www.japantimes.co.jp/news/2018/06/04/business/tech/japan-aims-launch-self-driving-vehicle-services-2020/
"Jun 2, 2018",Google retreating from military AI project after 'rebellion' by company workers: reports,https://www.japantimes.co.jp/news/2018/06/02/business/tech/google-retreating-military-ai-project-rebellion-company-workers-reports/
"Jun 2, 2018","Apple set to debut phone-to-phone augmented reality, sources say",https://www.japantimes.co.jp/news/2018/06/02/business/tech/apple-set-debut-phone-phone-augmented-reality-sources-say/
"May 31, 2018",Amazon blocks Australia from global sites over new tax,https://www.japantimes.co.jp/news/2018/05/31/business/tech/amazon-blocks-australia-global-sites-new-tax/
"May 30, 2018",Nintendo unveils Pokemon titles and 'Poke Ball' Switch controller aimed at unifying gaming experience,https://www.japantimes.co.jp/news/2018/05/30/business/tech/nintendo-unveils-pokemon-titles-poke-ball-switch-controller-aimed-unifying-gaming-experience/
"May 26, 2018",FBI warns Russians hacked hundreds of thousands of routers,https://www.japantimes.co.jp/news/2018/05/26/business/tech/fbi-warns-russians-hacked-hundreds-thousands-routers/
"May 26, 2018",Tesla agrees to settle class action over Autopilot system that was billed as 'safer',https://www.japantimes.co.jp/news/2018/05/26/business/tech/tesla-agrees-settle-class-action-autopilot-system-billed-safer/
"May 25, 2018","Smartphones now the preferred choice for internet access in Japan, surpassing PCs for first time",https://www.japantimes.co.jp/news/2018/05/25/business/tech/smartphones-now-preferred-choice-internet-access-japan-surpassing-pcs-first-time/
"May 25, 2018","Amazon Echo eavesdropped on couple, sent recording to a contact: report",https://www.japantimes.co.jp/news/2018/05/25/business/tech/amazon-echo-eavesdropped-couple-sent-recording-contact-report/
"May 21, 2018","Orbital freighter bringing cement, extreme cold experiments and food to ISS",https://www.japantimes.co.jp/news/2018/05/21/business/tech/orbital-freighter-set-carry-cement-extreme-cold-experiments-food-iss/
"May 20, 2018",Drone deliveries ready to soar in Japan but lingering issues likely to keep post office in business,https://www.japantimes.co.jp/news/2018/05/20/business/tech/drone-deliveries-ready-soar-japan-lingering-issues-likely-keep-post-office-business/
"May 20, 2018",Pilot schools cash in as drone business takes off in Japan,https://www.japantimes.co.jp/news/2018/05/20/business/tech/pilot-schools-cash-drone-business-takes-off-japan/
"May 20, 2018","From office watcher to farm protector and crop duster, unmanned aircraft playing unusual roles",https://www.japantimes.co.jp/news/2018/05/20/business/tech/office-watcher-farm-protector-crop-duster-unmanned-aircraft-playing-unusual-roles/
"May 18, 2018",YouTube to launch music streaming service on May 22,https://www.japantimes.co.jp/news/2018/05/18/business/tech/youtube-launch-music-streaming-service-may-22/
"May 17, 2018",Student's idea for app that pulls up athlete profiles on demand gets nod from Tokyo organizers,https://www.japantimes.co.jp/news/2018/05/17/business/tech/students-idea-app-pulls-athlete-profiles-demand-gets-nod-tokyo-organizers/
"May 12, 2018",SoftBank-owned Boston Dynamics prepares to unleash its dog-like robot,https://www.japantimes.co.jp/news/2018/05/12/business/tech/softbank-owned-robot-maker-prepares-unleash-dog-like-machine/
"May 10, 2018","Self-navigating AI learns to take shortcuts, outperforms human expert: study",https://www.japantimes.co.jp/news/2018/05/10/business/tech/self-navigating-ai-learns-take-shortcuts-outperforms-human-expert-study/
"May 7, 2018",Sales of Sony's new Aibo robot dog off to solid start,https://www.japantimes.co.jp/news/2018/05/07/business/tech/sales-sonys-new-aibo-robot-dog-off-solid-start/
"May 1, 2018","Paper plane protesters urge Russia to unblock Telegram app, which Iran also banned",https://www.japantimes.co.jp/news/2018/05/01/business/tech/paper-plane-protesters-urge-russia-unblock-telegram-app-iran-also-banned/
"Apr 27, 2018",IBM ties up with Asahi Refining and others on blockchain tech to track jewels from mine to store,https://www.japantimes.co.jp/news/2018/04/27/business/tech/ibm-ties-asahi-refining-others-blockchain-tech-track-jewels-mine-store/
"Apr 26, 2018",SoftBank-led trio develop robot that can transform into car,https://www.japantimes.co.jp/news/2018/04/26/business/tech/softbank-unit-others-develop-humanoid-robot-can-transform-electric-car/
"Apr 25, 2018",Dragon Quest VR arcade to open in Shinjuku,https://www.japantimes.co.jp/news/2018/04/25/business/tech/dragon-quest-vr-arcade-open-shinjuku/
"Apr 25, 2018",U.S. commerce secretary: China 2025 plan to be tech nexus 'frightening',https://www.japantimes.co.jp/news/2018/04/25/business/tech/u-s-commerce-secretary-china-2025-plan-tech-nexus-frightening/
"Apr 24, 2018",Yamato and DeNA test autonomous delivery system in Japan,https://www.japantimes.co.jp/news/2018/04/24/business/tech/yamato-dena-test-autonomous-delivery-system-japan/
"Apr 24, 2018",Amazon reportedly working on another big bet: home robots,https://www.japantimes.co.jp/news/2018/04/24/business/tech/amazon-reportedly-working-another-big-bet-home-robots/
"Apr 23, 2018","Construction robots in Japan weld, bolt and lift to tackle worker shortage",https://www.japantimes.co.jp/news/2018/04/23/business/tech/construction-robots-japan-weld-bolt-lift-tackle-worker-shortage/
"Apr 23, 2018",Chinese cyberspies allegedly targeted Japanese defense firms for North Korea secrets: report,https://www.japantimes.co.jp/news/2018/04/23/business/tech/china-cyberspies-believed-targeted-japanese-defense-firms-north-korea-secrets/
"Apr 22, 2018",Surge in anonymous Asia Twitter accounts sparks bot fears,https://www.japantimes.co.jp/news/2018/04/22/business/tech/surge-anonymous-asia-twitter-accounts-sparks-bot-fears/
"Apr 20, 2018",Nintendo's $30 billion rally now depends on $70 cardboard pianos,https://www.japantimes.co.jp/news/2018/04/20/business/tech/nintendos-30-billion-rally-now-depends-70-cardboard-pianos/
"Apr 20, 2018",Cafes offer students 'virtual' workday experiences,https://www.japantimes.co.jp/news/2018/04/20/business/tech/cafes-offer-students-virtual-workday-experiences/
"Apr 18, 2018",Over 100 parts for NASA's Orion deep-space capsule to be 3-D-printed,https://www.japantimes.co.jp/news/2018/04/18/business/tech/100-parts-nasas-orion-deep-space-capsule-3-d-printed/
"Apr 17, 2018","In race for 5G, China leads South Korea and U.S., study shows",https://www.japantimes.co.jp/news/2018/04/17/business/tech/race-5g-china-leads-south-korea-u-s-study/
"Apr 17, 2018",Toyota to launch 'talking' vehicles in U.S. in 2021,https://www.japantimes.co.jp/news/2018/04/17/business/tech/toyota-launch-talking-vehicles-united-states-2021/
"Apr 17, 2018","U.S. and Britain warn of Russian campaign to hack networks, control data flows",https://www.japantimes.co.jp/news/2018/04/17/business/tech/u-s-britain-warn-russian-campaign-hack-networks-control-data-flows/
"Apr 13, 2018",NTSB boots Tesla from probe into fatal California SUV crash after firm reveals information early,https://www.japantimes.co.jp/news/2018/04/13/business/tech/feds-boot-tesla-probe-fatal-california-suv-crash-firm-reveals-info-early/
"Apr 13, 2018",Nintendo teams up with venture fund to find new tech for Switch,https://www.japantimes.co.jp/news/2018/04/13/business/tech/nintendo-teams-venture-fund-find-new-tech-switch/
"Apr 11, 2018",Zuckerberg deflects senators' efforts on regulating Facebook or changing how it does business,https://www.japantimes.co.jp/news/2018/04/11/business/tech/zuckerberg-deflects-senators-efforts-regulating-facebook-changing-business/
"Apr 11, 2018",Zuckerberg's internal notes advised him to cite Chinese competition if Senators suggested breaking up Facebook,https://www.japantimes.co.jp/news/2018/04/11/business/tech/zuckerbergs-internal-notes-advised-cite-chinese-competition-senators-suggested-breaking-facebook/
"Apr 9, 2018","In shadow of looming China-U.S. trade war, rivals waging high-stakes quantum computing battle",https://www.japantimes.co.jp/news/2018/04/09/business/tech/china-u-s-vying-winner-race-develop-quantum-computing/
"Apr 4, 2018",NASA taps Lockheed Martin to build supersonic plane that won't go boom,https://www.japantimes.co.jp/news/2018/04/04/business/tech/nasa-taps-lockheed-martin-build-supersonic-plane-wont-go-boom/
"Apr 2, 2018","Hackers breach Saks, Lord & Taylor customer data, parent Hudson's Bay says",https://www.japantimes.co.jp/news/2018/04/02/business/tech/hackers-breach-saks-lord-taylor-customer-data-parent-hudsons-bay-says/
"Apr 1, 2018",Confirmed or suspected cyberthefts of personal info in Japan exceeded 3 million cases in 2017: tally,https://www.japantimes.co.jp/news/2018/04/01/business/tech/3-million-cases-personal-info-leaked-due-cyberattacks-2017/
"Apr 1, 2018","With paper and phones, Atlanta struggles to recover from cyberattack",https://www.japantimes.co.jp/news/2018/04/01/business/tech/paper-phones-atlanta-struggles-recover-cyberattack/
"Mar 31, 2018","Russian accused of massive hacking extradited to U.S., pleads guilty",https://www.japantimes.co.jp/news/2018/03/31/business/tech/russian-accused-massive-hacking-extradited-u-s-pleads-guilty/
"Mar 30, 2018","Is 'No Postage Necessary,' Hollywood's first blockchain movie, the first step toward ending piracy?",https://www.japantimes.co.jp/news/2018/03/30/business/tech/no-postage-necessary-hollywoods-first-blockchain-movie-first-step-toward-ending-piracy/
"Mar 30, 2018",Windows group chief out as Microsoft shakes up ranks to shoot for the cloud,https://www.japantimes.co.jp/news/2018/03/30/business/tech/windows-group-chief-microsoft-shakes-ranks-shoot-cloud/
"Mar 29, 2018",Facebook cuts ties to data brokers in blow to targeted ads,https://www.japantimes.co.jp/news/2018/03/29/business/tech/facebook-cuts-ties-data-brokers-blow-targeted-ads/
"Mar 28, 2018",Apple takes on Google in education with cheaper iPad and new software,https://www.japantimes.co.jp/news/2018/03/28/business/tech/apple-takes-google-education-cheaper-ipad-new-software/
"Mar 28, 2018",Is Mark Zuckerberg willing to act boldly to fix Facebook crisis?,https://www.japantimes.co.jp/news/2018/03/28/business/tech/mark-zuckerberg-willing-act-boldly-fix-facebook-crisis/
"Mar 28, 2018",Lyft co-founder: Fatal crash of autonomous Uber taxi should have been prevented,https://www.japantimes.co.jp/news/2018/03/28/business/tech/lyft-co-founder-fatal-crash-autonomous-uber-taxi-prevented/
"Mar 27, 2018","What's for dinner? On redesigned Ajinomoto recipe website, AI makes the call",https://www.japantimes.co.jp/news/2018/03/27/business/tech/whats-dinner-redesigned-ajinomoto-recipe-website-ai-makes-call/
"Mar 24, 2018",Delete Facebook? Protecting privacy is harder than that,https://www.japantimes.co.jp/news/2018/03/24/business/tech/delete-facebook-protecting-privacy-harder/
"Mar 24, 2018",Facebook crisis prompts Silicon Valley soul-searching,https://www.japantimes.co.jp/news/2018/03/24/business/tech/facebook-crisis-prompts-silicon-valley-soul-searching/
"Mar 22, 2018",U.S. Senate passes bill to penalize websites for sex-trafficking,https://www.japantimes.co.jp/news/2018/03/22/business/tech/u-s-senate-passes-bill-penalize-websites-sex-trafficking/
"Mar 22, 2018",U.S. spending bill includes bid to solve international email privacy impasse,https://www.japantimes.co.jp/news/2018/03/22/business/tech/u-s-spending-bill-includes-bid-solve-international-email-privacy-impasse/
"Mar 22, 2018",Facebook warned in 2011 of user data loopholes exploited by Cambridge Analytica: privacy campaigner,https://www.japantimes.co.jp/news/2018/03/22/business/tech/facebook-warned-2011-user-data-loopholes-exploited-cambridge-analytica-privacy-campaigner/
"Mar 21, 2018",Toyota halts robot-car tests in wake of crash in Arizona,https://www.japantimes.co.jp/news/2018/03/21/business/tech/toyota-halts-robot-car-tests-wake-crash-arizona/
"Mar 21, 2018",Singapore-based NEM foundation ends tracking of stolen cryptocurrency,https://www.japantimes.co.jp/news/2018/03/21/business/tech/singapore-based-nem-foundation-ends-tracking-stolen-cryptocurrency/
"Mar 20, 2018","Female pedestrian dies in Arizona after being hit by Uber self-driving SUV, prompting halt in tests",https://www.japantimes.co.jp/news/2018/03/20/business/tech/female-pedestrian-dies-arizona-hit-uber-self-driving-suv-prompting-halt-tests/
"Mar 19, 2018",Apple's 'secret' project: Replacing Samsung screens with in-house microLED displays,https://www.japantimes.co.jp/news/2018/03/19/business/tech/apples-secret-project-replacing-samsung-screens-house-microled-displays/
"Mar 19, 2018",Driverless drift: Robotics firms are developing virtual 'Fast and Furious'-style simulations to boost safety,https://www.japantimes.co.jp/news/2018/03/19/business/tech/driverless-drift-robotics-firms-developing-virtual-fast-furious-style-simulations-boost-safety/
"Mar 14, 2018",YouTube to display Wikipedia blurbs alongside conspiracy videos,https://www.japantimes.co.jp/news/2018/03/14/business/tech/youtube-display-wikipedia-blurbs-alongside-conspiracy-videos/
"Mar 14, 2018",Researchers find 'critical' security flaws in AMD chips,https://www.japantimes.co.jp/news/2018/03/14/business/tech/researchers-find-critical-security-flaws-amd-chips/
"Mar 9, 2018",Olympics hack highlights emerging 'false flags' threat: researcher,https://www.japantimes.co.jp/news/2018/03/09/business/tech/olympics-hack-highlights-emerging-false-flags-threat-researcher/
"Mar 5, 2018",Google expansion plans seen turning Big Apple into Silicon Valley East,https://www.japantimes.co.jp/news/2018/03/05/business/tech/google-expansion-plans-seen-turning-big-apple-silicon-valley-east/
"Mar 4, 2018","Africa, IT hub: Cameroonian startup launches drones for global market",https://www.japantimes.co.jp/news/2018/03/04/business/tech/africa-hub-cameroonian-startup-launches-drones-global-market/
"Mar 2, 2018",New U.S. satellite to boost weather forecasts sent into space,https://www.japantimes.co.jp/news/2018/03/02/business/tech/new-u-s-satellite-boost-weather-forecasts-sent-space/
"Mar 1, 2018",Japanese scientists invent 'firefly' light that floats on ultrasonic waves,https://www.japantimes.co.jp/news/2018/03/01/business/tech/japanese-scientists-invent-firefly-light-floats-ultrasonic-waves/
"Feb 28, 2018",How Samsung's new Galaxy S9 compares to the iPhone X,https://www.japantimes.co.jp/news/2018/02/28/business/tech/samsungs-new-galaxy-s9-compares-iphone-x/
"Feb 28, 2018",Ford to use Miami-Dade as test bed for self-driving cars,https://www.japantimes.co.jp/news/2018/02/28/business/tech/ford-use-miami-dade-test-bed-self-driving-cars/
"Feb 25, 2018",Japan's budget for AI to be less than a fifth of that planned by U.S. and China,https://www.japantimes.co.jp/news/2018/02/25/business/tech/japanese-government-spending-ai-less-20-u-s-china/
"Feb 25, 2018",Pioneering nonprofit aims to steer AI toward the greater good,https://www.japantimes.co.jp/news/2018/02/25/business/tech/pioneering-nonprofit-aims-steer-ai-toward-greater-good/
"Feb 25, 2018","Apple moves to store iCloud keys in China, raising rights concerns",https://www.japantimes.co.jp/news/2018/02/25/business/tech/apple-moves-store-icloud-keys-china-raising-rights-concerns/
"Feb 22, 2018",New Japan travel app pairs Microsoft's AI chatbot with Navitime guidance,https://www.japantimes.co.jp/news/2018/02/22/business/tech/new-japan-travel-app-pairs-microsofts-ai-chatbot-navitime-guidance/
"Feb 22, 2018",Twitter cracks down on tactics used by 'bots' to spread false stories,https://www.japantimes.co.jp/news/2018/02/22/business/tech/twitter-cracks-tactics-used-bots-spread-false-stories/
"Feb 18, 2018",Online retailer Amazon may be turning to health care,https://www.japantimes.co.jp/news/2018/02/18/business/tech/amazon-ambitions-seem-boundless-online-retailer-turns-health-care/
"Feb 16, 2018",Mitsubishi Electric shines spotlight on new AI technology at R&D event,https://www.japantimes.co.jp/news/2018/02/16/business/tech/mitsubishi-electric-shines-spotlight-new-ai-technology-rd-event/
"Feb 16, 2018",White House joins U.K. in blaming Russia for 'reckless' NotPetya cyberattack,https://www.japantimes.co.jp/news/2018/02/16/business/tech/white-house-joins-u-k-blaming-russia-reckless-notpetya-cyberattack/
"Feb 13, 2018",5G is here: Super speed makes worldwide debut at Winter Olympics,https://www.japantimes.co.jp/news/2018/02/13/business/tech/5g-super-speed-makes-worldwide-debut-winter-olympics/
"Feb 11, 2018","Esports finally arrives in Japan, home of game giants like Nintendo and Sony",https://www.japantimes.co.jp/news/2018/02/11/business/tech/esports-finally-arrives-japan-home-game-giants-like-nintendo-sony/
"Feb 7, 2018",Uber says hackers behind 2016 data breach were in Canada and Florida,https://www.japantimes.co.jp/news/2018/02/07/business/tech/uber-says-hackers-behind-2016-data-breach-canada-florida/
"Feb 6, 2018",North Korean hackers said possibly behind massive Coincheck heist,https://www.japantimes.co.jp/news/2018/02/06/business/tech/north-korean-hackers-said-possibly-behind-massive-coincheck-heist/
"Feb 6, 2018",Court hears denial after Waymo accuses Uber of 'cheating' by stealing its self-driving car secrets,https://www.japantimes.co.jp/news/2018/02/06/business/tech/trial-hears-denial-waymo-accuses-uber-cheating-stealing-self-driving-car-secrets/
"Feb 5, 2018",South Korea says North stole cryptocurrency worth billions of won last year,https://www.japantimes.co.jp/news/2018/02/05/business/tech/south-korea-says-north-stole-cryptocurrency-worth-billions-won-last-year/
"Jan 31, 2018",Facebook bans ads tied to bitcoin and other cryptocurrencies,https://www.japantimes.co.jp/news/2018/01/31/business/tech/facebook-bans-ads-tied-bitcoin-cryptocurrencies/
"Jan 30, 2018",Pocket-size device decodes human genome with 99.88% accuracy,https://www.japantimes.co.jp/news/2018/01/30/business/tech/pocket-size-device-decodes-human-genome-99-88-accuracy/
"Jan 30, 2018","Russian bots retweeted Trump's Twitter 470,000 times ahead of 2016 election",https://www.japantimes.co.jp/news/2018/01/30/business/tech/russian-bots-retweeted-trumps-twitter-470000-times-ahead-2016-election/
"Jan 29, 2018",Trump security team considering a government-built 5G network to counter China,https://www.japantimes.co.jp/news/2018/01/29/business/tech/trump-security-team-considering-government-built-5g-network-counter-china/
"Jan 26, 2018","With self-parking slippers, Nissan drives hospitality to a new level",https://www.japantimes.co.jp/news/2018/01/26/business/tech/self-parking-slippers-nissan-drives-hospitality-new-level/
"Jan 25, 2018","Chinese tech firms narrowing pay gap with Silicon Valley as state pours money into IT, surveillance",https://www.japantimes.co.jp/news/2018/01/25/business/tech/chinese-tech-firms-narrowing-pay-gap-silicon-valley-state-pours-money-surveillance/
"Jan 25, 2018",Plug wars: leading the charge in the battle for electric car supremacy,https://www.japantimes.co.jp/news/2018/01/25/business/tech/plug-wars-leading-charge-battle-electric-car-supremacy/
"Jan 25, 2018",Driver following GPS plunges into Vermont lake,https://www.japantimes.co.jp/news/2018/01/25/business/tech/driver-following-gps-plunges-vermont-lake/
"Jan 25, 2018","I haz wins: Grumpy Cat's owner gets $710,000 court payout",https://www.japantimes.co.jp/news/2018/01/25/business/tech/haz-wins-grumpy-cats-owner-gets-710000-court-payout/
"Jan 24, 2018",Post-holiday gamble: Apple debuts HomePod voice speaker to take on Google and Amazon,https://www.japantimes.co.jp/news/2018/01/24/business/tech/post-holiday-gamble-apple-debuts-homepod-voice-speaker-take-google-amazon/
"Jan 23, 2018","Facebook acknowledges social media's risks to democracy, struggling to curb hate speech",https://www.japantimes.co.jp/news/2018/01/23/business/tech/facebook-acknowledges-social-medias-risks-democracy-struggling-curb-hate-speech/
"Jan 20, 2018",Facebook to let users rank 'trust' in news sources,https://www.japantimes.co.jp/news/2018/01/20/business/tech/facebook-let-users-rank-trust-news-sources/
"Jan 19, 2018",Researchers uncover vast spying operation using infected messaging apps,https://www.japantimes.co.jp/news/2018/01/19/business/tech/researchers-uncover-vast-spying-operation-using-infected-messaging-apps/
"Jan 18, 2018",Twitter may notify users exposed to Russian propaganda during 2016 election,https://www.japantimes.co.jp/news/2018/01/18/business/tech/twitter-may-notify-users-exposed-russian-propaganda-2016-election/
"Jan 15, 2018",AI-based story-summarizing system to debut at Japanese newspaper,https://www.japantimes.co.jp/news/2018/01/15/business/tech/ai-based-story-summarizing-system-debut-nagano-daily/
"Jan 12, 2018",Robots take baby steps toward emotion and empathy at CES,https://www.japantimes.co.jp/news/2018/01/12/business/tech/robots-take-baby-steps-toward-emotion-empathy-ces/
"Jan 11, 2018","After 12-year wait, Sony relaunches robot dog Aibo to much fanfare",https://www.japantimes.co.jp/news/2018/01/11/business/tech/12-year-wait-sony-relaunches-robot-dog-aibo-much-fanfare/
"Jan 11, 2018","Before autonomous car hits mainstream, test hop the self-driving suitcase",https://www.japantimes.co.jp/news/2018/01/11/business/tech/autonomous-car-hits-mainstream-test-hop-self-driving-suitcase/
"Jan 10, 2018",Amazon's Alexa voice assistant coming to Toyota's cars in 2018,https://www.japantimes.co.jp/news/2018/01/10/business/tech/amazons-alexa-voice-assistant-coming-toyotas-cars-2018/
"Jan 10, 2018",IBM breaks patent record with 25th straight year in top spot,https://www.japantimes.co.jp/news/2018/01/10/business/tech/ibm-breaks-patent-record-25th-straight-year-top-spot/
"Jan 10, 2018",Microsoft says security patches slowing PCs and servers; Intel shares dip,https://www.japantimes.co.jp/news/2018/01/10/business/tech/microsoft-says-security-patches-slowing-pcs-servers-intel-shares-dip/
"Jan 9, 2018",Apple urged to help curb smartphone addiction among children,https://www.japantimes.co.jp/news/2018/01/09/business/tech/two-key-investors-urge-apple-take-action-curb-child-gadget-addiction/
"Jan 9, 2018",Google teams with Sony and Lenovo for smart speakers with touchscreens,https://www.japantimes.co.jp/news/2018/01/09/business/tech/google-teams-sony-lenovo-smart-speakers-touchscreens/
"Jan 6, 2018",Businesses cautious in installing patches to fix chip flaw,https://www.japantimes.co.jp/news/2018/01/06/business/tech/businesses-cautious-installing-patches-fix-chip-flaw/
"Jan 6, 2018",Twitter says world leaders like Trump have special status,https://www.japantimes.co.jp/news/2018/01/06/business/tech/twitter-says-world-leaders-like-trump-special-status/
"Jan 5, 2018",Apple to issue fix for iPhones and Macs at risk from 'Spectre' chip flaw,https://www.japantimes.co.jp/news/2018/01/05/business/tech/apple-issue-fix-iphones-macs-risk-spectre-chip-flaw/
"Jan 4, 2018","Security flaws affecting chips from Intel, AMD and ARM could put virtually all phones and computers at risk",https://www.japantimes.co.jp/news/2018/01/04/business/tech/security-flaws-affecting-chips-intel-amd-arm-put-virtually-phones-computers-risk/
"Jan 3, 2018",Alibaba affiliate forced to drop attempt to buy U.S. remittance firm MoneyGram,https://www.japantimes.co.jp/news/2018/01/03/business/tech/alibaba-affiliate-forced-drop-attempt-buy-u-s-remittance-firm-moneygram/
"Jan 2, 2018",North Korean hackers seen hijacking computers to mine digital currencies as sanctions kick in,https://www.japantimes.co.jp/news/2018/01/02/business/tech/north-korean-hackers-seen-hijacking-computers-mine-digital-currencies-sanctions-kick/
"Dec 29, 2017",Oton Glass CEO looks to help those with reading disabilities and ease their lives,https://www.japantimes.co.jp/news/2017/12/29/business/tech/oton-glass-ceo-hopes-reading-disabilities-will-help-ease-lives/
"Dec 29, 2017",Apple apologizes for secretly slowing older iPhones,https://www.japantimes.co.jp/news/2017/12/29/business/tech/apple-apologizes-secretly-slowing-older-iphones/
"Dec 29, 2017",France targets Apple and Epson with possibly landmark legal action over planned obsolescence,https://www.japantimes.co.jp/news/2017/12/29/business/tech/france-targets-apple-epson-possibly-landmark-legal-action-planned-obsolescence/
"Dec 26, 2017","Uber's loss in Europe shows trans-Atlantic split over disruptive tech, could embolden U.S. cities to act",https://www.japantimes.co.jp/news/2017/12/26/business/tech/ubers-loss-europe-shows-trans-atlantic-split-disruptive-tech-embolden-u-s-cities-act/
